"","-10","-9.75","-9.5","-9.25","-9","-8.75","-8.5","-8.25","-8","-7.75","-7.5","-7.25","-7","-6.75","-6.5","-6.25","-6","-5.75","-5.5","-5.25","-5","-4.75","-4.5","-4.25","-4","-3.75","-3.5","-3.25","-3","-2.75","-2.5","-2.25","-2","-1.75","-1.5","-1.25","-1","-0.75","-0.5","-0.25","0","0.25","0.5","0.75","1","1.25","1.5","1.75","2","2.25","2.5","2.75","3","3.25","3.5","3.75","4","4.25","4.5","4.75","5","5.25","5.5","5.75","6","6.25","6.5","6.75","7","7.25","7.5","7.75","8","8.25","8.5","8.75","9","9.25","9.5","9.75","10","10.25","10.5","10.75","11","11.25","11.5","11.75","12","12.25","12.5","12.75","13","13.25","13.5","13.75","14","14.25","14.5","14.75","15","15.25","15.5","15.75","16","16.25","16.5","16.75","17","17.25","17.5","17.75","18","18.25","18.5","18.75","19","19.25"
"SOZ(10th)",0.717398823936354,0.114458664821861,0.0929436181252162,0.46112071947423,0.446523694223452,0.796748529920443,0.0905223106191629,0.963784157730889,0.28446904185403,0.621342096160498,0.150709097198201,0.223694223452093,0.74974057419578,0.243341404358353,0.991629194050502,0.0924939467312349,0.353822206848841,0.372985126253891,0.676063645797302,0.750951227948807,0.976790038049118,0.959806295399516,0.608647526807333,0.223452092701487,0.0771705292286406,0.651885160843999,0.856381874783812,0.624316845382221,0.255897613282601,0.581528882739537,0.493220338983051,0.861916291940505,0.28291248702871,0.25025942580422,0.306053268765133,0.483189207886545,0.0994465582843307,0.12850224835697,0.141335178139052,0.806641300588032,0.409927360774818,0.132307160152196,0.290038049117952,0.783500518851608,0.492563126945694,0.536077481840194,0.948910411622276,0.0695607056381875,0.140816326530612,0.252680733310273,0.312244897959184,0.614700795572466,0.156347284676583,0.508612936700104,0.502767208578347,0.597129021099965,0.860394327222414,0.64818401937046,0.778381182981667,0.43680387409201,0.118021445866482,0.726565202352127,0.32071947423037,0.368004150812868,0.805534417156693,0.710999654098928,0.420615703908682,0.416914562435144,0.734244206157039,0.733759944655828,0.129643721895538,0.0782428225527499,0.568661362850225,0.597890003459011,0.0527499135247319,0.50933932895192,0.586267727429955,0.6844344517468,0.100795572466275,0.716707021791768,0.365133171912833,0.205534417156693,0.050051885160844,0.611103424420616,0.551677620200623,0.119024558976133,0.313870632998962,0.0603251470079557,0.38706329989623,0.391421653407126,0.105361466620547,0.425873400207541,0.0918367346938775,0.516361120719474,0.362919405050156,0.0679695607056382,0.442199930819786,0.630923555863023,0.589450017295054,0.291456243514355,0.504289173296437,0.353614666205465,0.132376340366655,0.648945001729505,0.59948114839156,0.061086129367001,0.615427187824282,0.245866482186095,0.177931511587686,0.574541681079211,0.530992736077482,0.609616049809754,0.550121065375303,0.376374956762366,0.231995849187132,0.166724316845382,0.125423728813559,0.125804219993082
"SOZ(20th)",0.761466620546524,0.133414043583535,0.109200968523002,0.47772397094431,0.464994811483916,0.817052922864061,0.103424420615704,0.968557592528537,0.299654098927707,0.678173642338291,0.21553095814597,0.239017640954687,0.762504323763404,0.263576617087513,0.992909028017987,0.105499827049464,0.389519197509512,0.459322033898305,0.809961950882048,0.856900726392252,0.985921826357662,0.967831200276721,0.614354894500173,0.251677620200623,0.089380837080595,0.695710826703563,0.883292978208232,0.712625389138706,0.27046004842615,0.620684884123141,0.555240401245244,0.891075752334832,0.296540989277067,0.304773434797648,0.320166032514701,0.494223452092702,0.112867519889312,0.140262884814943,0.15856105153926,0.838983050847458,0.457212037357316,0.157350397786233,0.305811138014528,0.878277412659979,0.549498443445175,0.630923555863023,0.965167762020062,0.0819093739190592,0.153476305776548,0.272466274645451,0.324040124524386,0.657800069180214,0.165686613628502,0.548080249048772,0.522448979591837,0.649325492909028,0.87253545485991,0.68754756139744,0.812071947423037,0.440470425458319,0.129678312002767,0.774956762365963,0.339017640954687,0.411276374956762,0.831926668972674,0.784849533033552,0.42383258388101,0.475025942580422,0.758941542718782,0.762227602905569,0.186163957108267,0.121169145624351,0.658664821860948,0.673400207540643,0.0782428225527499,0.691802144586648,0.640643375994466,0.782289865098582,0.118920788654445,0.768315461777932,0.524316845382221,0.248391560013836,0.0987201660325147,0.669180214458665,0.581736423382913,0.150847457627119,0.525250778277413,0.104358353510896,0.518401937046005,0.44251124178485,0.128363887928053,0.590210999654099,0.10674507090972,0.633241093047389,0.490314769975787,0.124731926668973,0.495918367346939,0.663472846765825,0.664960221376686,0.345728121757177,0.591006572120374,0.427049463853338,0.2051885160844,0.695607056381875,0.636077481840194,0.0895191975095123,0.68287789692148,0.399757869249395,0.240262884814943,0.605361466620547,0.567070217917676,0.637945347630578,0.557454168107921,0.427360774818402,0.261501210653753,0.221411276374957,0.178692493946731,0.188377723970944
"SOZ(30th)",0.788861985472155,0.156451054998271,0.137426496022138,0.481459702525078,0.494880664130059,0.827533725354549,0.130923555863023,0.971255620892425,0.31760636457973,0.684503631961259,0.245209270148737,0.272742995503286,0.788343133863715,0.298339674852992,0.993427879626427,0.135593220338983,0.424386025596679,0.462850224835697,0.833932895191975,0.884192320996195,0.986751988931166,0.969906606710481,0.616534071255621,0.25748875821515,0.110031131096506,0.773849878934625,0.927499135247319,0.774576271186441,0.281771013490142,0.676098235904531,0.621342096160498,0.89948114839156,0.32227602905569,0.398789346246973,0.334278796264268,0.494534763057765,0.141715669318575,0.164130058803182,0.171428571428571,0.864406779661017,0.476202006226219,0.157765479072985,0.324074714631615,0.913144240747146,0.586440677966102,0.679695607056382,0.968073331027326,0.101937046004843,0.177551020408163,0.319370460048426,0.341992390176409,0.66838464199239,0.191629194050502,0.550674507090972,0.523382912487029,0.677032168799723,0.906260809408509,0.699169837426496,0.819543410584573,0.449187132480111,0.153441715669319,0.860982359045313,0.340159114493255,0.449152542372881,0.845520581113801,0.841404358353511,0.426219301279834,0.574437910757523,0.818713248011069,0.762331373227257,0.193635420269803,0.216949152542373,0.721134555517122,0.676824628156347,0.113213420961605,0.800242130750605,0.753337945347631,0.79069526115531,0.155032860601868,0.784088550674507,0.539674852992044,0.354341058457281,0.205499827049464,0.77201660325147,0.664026288481494,0.152507782774127,0.552231061916292,0.18187478381183,0.5564856451055,0.483292978208232,0.16478727084054,0.619578000691802,0.136942234520927,0.652646143203044,0.492909028017987,0.202663438256659,0.558906952611553,0.681217571774473,0.743721895537876,0.363887928052577,0.6461086129367,0.494603943272224,0.278554133517814,0.697163611207195,0.645831892078865,0.132895191975095,0.721480456589416,0.454444828778969,0.26579038395019,0.613766862677274,0.628190937391906,0.69014181943964,0.569491525423729,0.480283638879281,0.267208578346593,0.263023175371844,0.238464199239018,0.203009339328952
"SOZ(40th)",0.801176063645797,0.183500518851608,0.166482186094777,0.502836388792805,0.521307506053269,0.851020408163265,0.15904531304047,0.973607748184019,0.335558630231754,0.696229678312003,0.295364925631269,0.288827395364926,0.797717052922864,0.327222414389485,0.994707713593912,0.167692839847804,0.446246973365617,0.476132826011761,0.859910065721204,0.919785541335178,0.987167070217918,0.974403320650294,0.622518159806295,0.291317883085438,0.140228294707714,0.808405396056728,0.947838118298167,0.802282947077136,0.316257350397786,0.698235904531304,0.651885160843999,0.911345555171221,0.342822552749914,0.467762020062262,0.354825319958492,0.520304392943618,0.165582843306814,0.190556900726392,0.196471809062608,0.886094776893808,0.490833621584227,0.192009685230024,0.357765479072985,0.937080594949844,0.607955724662746,0.74354894500173,0.971186440677966,0.160290556900726,0.220373573158077,0.350639916983743,0.374887582151505,0.678277412659979,0.232998962296783,0.558180560359737,0.543548945001729,0.688273953649256,0.927118644067797,0.74199239017641,0.829159460394327,0.485091663784158,0.186475268073331,0.893462469733656,0.362262193012798,0.468280871670702,0.886786579038395,0.861432030439294,0.452749913524732,0.611034244206157,0.869214804565894,0.763611207194742,0.231822898650986,0.255309581459703,0.749982704946385,0.691525423728814,0.185956416464891,0.83887928052577,0.809650639916984,0.84455205811138,0.176824628156347,0.792182635766171,0.562781044621238,0.406053268765133,0.278934624697337,0.819439640262885,0.746316153580076,0.171048080249049,0.585645105499827,0.291283292978208,0.586475268073331,0.579142165340713,0.270390868211692,0.666032514700796,0.197647872708405,0.742960913178831,0.508439986163957,0.3025942580422,0.598512625389139,0.68913870632999,0.839225181598063,0.406883431338637,0.684399861639571,0.53365617433414,0.344379107575233,0.755724662746455,0.656070563818748,0.182151504669665,0.780421999308198,0.477862331373227,0.308059494984435,0.648875821515047,0.700864752680733,0.716949152542373,0.612590799031477,0.523936354202698,0.309235558630232,0.319093739190592,0.261362850224836,0.246558284330681
"SOZ(50th)",0.805949498443445,0.212556208924248,0.195952957454168,0.533033552404012,0.546004842615012,0.881010031131097,0.187478381182982,0.975786924939467,0.353510895883777,0.710653753026634,0.355759252853684,0.296091317883085,0.798858526461432,0.353164994811484,0.99636803874092,0.200795572466275,0.461604980975441,0.49429263230716,0.886890349360083,0.959529574541681,0.987374610861294,0.980110688343134,0.630404704254583,0.339156001383604,0.175198893116569,0.821169145624351,0.956243514354895,0.812867519889312,0.362331373227257,0.703735731580768,0.664648910411622,0.924939467312349,0.360774818401937,0.524213075060533,0.378588723625043,0.558803182289865,0.186959529574542,0.218263576617088,0.227602905569007,0.905914908336216,0.503286060186787,0.243168453822207,0.399169837426496,0.955551712210308,0.62175717744725,0.814942926323072,0.974403320650294,0.23780698720166,0.272570044967139,0.37409200968523,0.415254237288136,0.687824282255275,0.282082324455206,0.568142511241785,0.573331027326185,0.691283292978208,0.941542718782428,0.800415081286752,0.839847803528191,0.534590107229332,0.224143894846074,0.899169837426496,0.394846074022829,0.478035281909374,0.941888619854721,0.86319612590799,0.491352473192667,0.616222760290557,0.915081286751989,0.765479072985126,0.285368384641992,0.264960221376686,0.762020062262193,0.711864406779661,0.277585610515393,0.842615012106538,0.837772397094431,0.921134555517122,0.191456243514355,0.796437218955379,0.589761328260118,0.430646835005189,0.335696990660671,0.839156001383604,0.828606018678658,0.198028363887928,0.62227602905569,0.416637841577309,0.61241784849533,0.702525077827741,0.410584572812176,0.721030785195434,0.273607748184019,0.868730543064683,0.530439294361812,0.413524731926669,0.62642684192321,0.692148045658942,0.943099273607748,0.462296783120028,0.714285714285714,0.558457281217572,0.406433759944656,0.842787962642684,0.666551366309236,0.234347976478727,0.849533033552404,0.485645105499827,0.358699411968177,0.697336561743341,0.779315115876859,0.731061916291941,0.671221030785195,0.562953995157385,0.36942234520927,0.38239363542027,0.26582497405742,0.304565894154272
"SOZ(60th)",0.807713593912141,0.239951573849879,0.224178484953303,0.5461086129367,0.564164648910412,0.890868211691456,0.208855067450709,0.976098235904531,0.367831200276721,0.714181943964026,0.380871670702179,0.304600484261501,0.816914562435144,0.369560705638187,0.998235904531304,0.22435143548945,0.475198893116569,0.506433759944656,0.891560013836043,0.963265306122449,0.987478381182982,0.981771013490142,0.691006572120374,0.358664821860948,0.218056035973711,0.846696644759599,0.956969906606711,0.832168799723279,0.371982013144241,0.7077827741266,0.673780698720166,0.936665513663092,0.375198893116569,0.527845036319613,0.389380837080595,0.566897267381529,0.201072293324109,0.232791421653407,0.238602559667935,0.935904531304047,0.505257696298859,0.245762711864407,0.404877205119336,0.963853337945348,0.640124524386026,0.85800760982359,0.979384296091318,0.284503631961259,0.373642338291249,0.417156693185749,0.424904877205119,0.688861985472155,0.28861985472155,0.658318920788654,0.612763749567624,0.69896229678312,0.94714631615358,0.806018678657904,0.844932549290903,0.54558976132826,0.244275337253545,0.903528190937392,0.399100657212037,0.499411968177101,0.946869595295745,0.878657903839502,0.491456243514355,0.621307506053269,0.915911449325493,0.777516430300934,0.296160498097544,0.329194050501557,0.775717744725009,0.723901764095469,0.296160498097544,0.883292978208232,0.87928052576963,0.931407817364234,0.212210307851954,0.818851608439986,0.621515046696645,0.432410930473884,0.405119335869941,0.84247665167762,0.849463853337945,0.311864406779661,0.789553787616742,0.433552404012452,0.61293670010377,0.729609131788309,0.41504669664476,0.750190245589761,0.312729159460394,0.869560705638188,0.626634382566586,0.442269111034244,0.795053614666205,0.743410584572812,0.945693531649948,0.479315115876859,0.774161189899689,0.656520235212729,0.407886544448288,0.850882047734348,0.694258042199931,0.357419578000692,0.863023175371844,0.544482877896921,0.38547215496368,0.774852992044275,0.810446212383258,0.767277758561052,0.72487028709789,0.5792459356624,0.391006572120374,0.38498789346247,0.330266343825666,0.38031822898651
"SOZ(70th)",0.815703908682117,0.259529574541681,0.244482877896921,0.556762365963335,0.579937737806987,0.899308197855413,0.226841923209962,0.976582497405742,0.378900034590107,0.724143894846074,0.402974749221723,0.318471117260464,0.836181252161882,0.382566585956416,0.999515738498789,0.241023867173988,0.490383950190246,0.516430300933933,0.900622621930128,0.966585956416465,0.987616741611899,0.984641992390176,0.73420961604981,0.374714631615358,0.250536146662055,0.871082670356278,0.958318920788654,0.845174680041508,0.381182981667243,0.715081286751989,0.695987547561397,0.944655828433068,0.386336907644414,0.533863714977516,0.398374264960221,0.579868557592529,0.214251124178485,0.247976478727084,0.251539259771705,0.959287443791076,0.517364233829125,0.247561397440332,0.419439640262885,0.971809062608094,0.674818401937046,0.894949844344517,0.98550674507091,0.328467658249741,0.445728121757177,0.449256312694569,0.43417502594258,0.704185402974749,0.294673123486683,0.724835696990661,0.641542718782428,0.71241784849533,0.952127291594604,0.81656866136285,0.86060186786579,0.5538913870633,0.269975786924939,0.907851954341058,0.406364579730197,0.517295053614666,0.950570736769284,0.891248702870979,0.494915254237288,0.627810446212383,0.920166032514701,0.787236250432376,0.310169491525424,0.380006918021446,0.78858526461432,0.738706329989623,0.320408163265306,0.910653753026634,0.908924247665168,0.939536492563127,0.229712902109997,0.849429263230716,0.67097890003459,0.448910411622276,0.46319612590799,0.851331719128329,0.870010377032169,0.412383258388101,0.902386717398824,0.453476305776548,0.621030785195434,0.756727775856105,0.419439640262885,0.771048080249049,0.364891041162228,0.878277412659979,0.702559667934971,0.466966447595988,0.910238671739882,0.790107229332411,0.948287789692148,0.49377378069872,0.816430300933933,0.746316153580076,0.431476997578692,0.861086129367001,0.731995849187132,0.447492217225873,0.875890695261155,0.588758215150467,0.43472846765825,0.829678312002767,0.837184365271532,0.796817710134901,0.762573503977862,0.632549290902802,0.436596333448634,0.434486336907644,0.378727084053961,0.460809408509166
"SOZ(80th)",0.836146662054652,0.263472846765825,0.248945001729505,0.562573503977862,0.590937391905915,0.904911795226565,0.238049117952266,0.977412659979246,0.383465928744379,0.746973365617433,0.419059149083362,0.343064683500519,0.857869249394673,0.388792805257696,0.999619508820477,0.243929436181252,0.508751297129021,0.522137668626773,0.918471117260463,0.969076444136977,0.987824282255275,0.989934278796264,0.742615012106538,0.383846419923902,0.262262193012798,0.893185748875821,0.960913178830854,0.84558976132826,0.389484607402283,0.728882739536493,0.744344517468004,0.945174680041508,0.390902801798686,0.544655828433068,0.403770321687997,0.6025942580422,0.225562089242477,0.264475959875476,0.268350051885161,0.969456935316499,0.54974057419578,0.247768938083708,0.451712210307852,0.979072985126254,0.742165340712556,0.919647180906261,0.993912141127638,0.366966447595988,0.459840885506745,0.459425804219993,0.442684192320996,0.748080249048772,0.299757869249395,0.74403320650294,0.649014181943964,0.737426496022138,0.955863023175372,0.837011414735386,0.897440332065029,0.556796956070564,0.306814251124178,0.912106537530266,0.419647180906261,0.528190937391906,0.951712210307852,0.898097544102387,0.505084745762712,0.637149775164303,0.931269456935316,0.792320996195088,0.330612244897959,0.403977862331373,0.799792459356624,0.75904531304047,0.356001383604289,0.91138014527845,0.914839156001384,0.943375994465583,0.240712556208924,0.896333448633691,0.755863023175372,0.494880664130059,0.498581805603597,0.871255620892425,0.889934278796264,0.486267727429955,0.906329989622968,0.479418886198547,0.644275337253545,0.78391560013836,0.423694223452093,0.775302663438257,0.443133863714978,0.902767208578347,0.737945347630578,0.483569699066067,0.918540297474922,0.827672085783466,0.950882047734348,0.50311310965064,0.823486682808717,0.819578000691802,0.499342787962643,0.875510204081633,0.789795918367347,0.471566931857489,0.887512971290211,0.603908682116915,0.528951919750951,0.839121411276375,0.855136630923556,0.813005880318229,0.76838464199239,0.759875475613975,0.530197163611207,0.577793151158769,0.395226565202352,0.55077827741266
"SOZ(90th)",0.867243168453822,0.305741957800069,0.257973019716361,0.570390868211691,0.605811138014528,0.918747838118298,0.256174334140436,0.978588723625043,0.389692148045659,0.774714631615358,0.438671739882394,0.353683846419924,0.909097198201314,0.397301971636112,0.999792459356624,0.274645451400899,0.522691110342442,0.535939121411276,0.932376340366655,0.970321687997233,0.988654444828779,0.994742303701142,0.768799723279142,0.391248702870979,0.276409546869595,0.912798339674853,0.967727429955033,0.85181598062954,0.400415081286752,0.746074022829471,0.762054652369422,0.955240401245244,0.393462469733656,0.561466620546524,0.406399169837427,0.620823244552058,0.263438256658596,0.277032168799723,0.287305430646835,0.973815288827395,0.566620546523694,0.264095468695953,0.472224143894846,0.981771013490142,0.789242476651678,0.932998962296783,0.997059840885507,0.383050847457627,0.464821860947769,0.501279833967485,0.496022137668627,0.79121411276375,0.331546177793151,0.774714631615358,0.668107921134556,0.775717744725009,0.959322033898305,0.844932549290903,0.924939467312349,0.579557246627465,0.328571428571429,0.938014527845036,0.452646143203044,0.57720511933587,0.955551712210308,0.916637841577309,0.516015219647181,0.642753372535455,0.935454859910066,0.81712210307852,0.39277066758907,0.441231407817364,0.819093739190591,0.796333448633691,0.417744725008648,0.919301279833967,0.916949152542373,0.954133517813905,0.348495330335524,0.9331373227257,0.802767208578347,0.631476997578693,0.640850916637842,0.897820823244552,0.902179176755448,0.563818747838118,0.916983742649602,0.643583535108959,0.771982013144241,0.860152196471809,0.602628848149429,0.83317191283293,0.630819785541335,0.931753718436527,0.83884469041854,0.672362504323764,0.923452092701487,0.897336561743341,0.954998270494638,0.662781044621238,0.857454168107921,0.894500172950536,0.67201660325147,0.897267381528883,0.869664475959876,0.64147353856797,0.909719820131442,0.741023867173988,0.693393289519198,0.876859218263577,0.895434105845728,0.864475959875476,0.826772742995503,0.863957108267036,0.679764787270841,0.730992736077482,0.565375302663438,0.69692148045659
"SOZ(100th)",0.903666551366309,0.367173988239364,0.269283984780353,0.579211345555171,0.622621930127983,0.936700103770322,0.277758561051539,0.979937737806987,0.396748529920443,0.804911795226565,0.460048426150121,0.357315807679004,0.975095122794881,0.406952611553096,1,0.319266689726738,0.534417156693186,0.553787616741612,0.944309927360775,0.970944309927361,0.989795918367347,0.999308197855413,0.803874092009685,0.397786233137323,0.291767554479419,0.931165686613629,0.976651677620201,0.860947768938084,0.412659979245936,0.764960221376686,0.764441369768246,0.970079557246627,0.395019024558976,0.581286751988931,0.407644413697682,0.63680387409201,0.314597025250778,0.287616741611899,0.307333102732618,0.975268073331027,0.575752334832238,0.288481494292632,0.486855759252854,0.982186094776894,0.826184711172605,0.940677966101695,0.997578692493947,0.387928052576963,0.465236942234521,0.558976132826012,0.571774472500865,0.833967485299204,0.37668626772743,0.811138014527845,0.693012798339675,0.820650294015911,0.962642684192321,0.846592874437911,0.947768938083708,0.612244897959184,0.342787962642684,0.974749221722587,0.495503286060187,0.645278450363196,0.960740228294708,0.941023867173988,0.527326184711173,0.646489104116223,0.936181252161882,0.851781390522311,0.475786924939467,0.485126253891387,0.842442061570391,0.842096160498098,0.492563126945694,0.930819785541335,0.917156693185749,0.968350051885161,0.50466966447596,0.964891041162228,0.830681425112418,0.813386371497752,0.836561743341404,0.927706675890695,0.910584572812176,0.643203043929436,0.930992736077482,0.876859218263577,0.951919750951228,0.960913178830854,0.86890349360083,0.917848495330336,0.873227257004497,0.962988585264614,0.972500864752681,0.947250086475268,0.926668972673815,0.983050847457627,0.959875475613974,0.897613282601176,0.904877205119336,0.970252507782774,0.897094430992736,0.922691110342442,0.960567277758561,0.884296091317883,0.937218955378762,0.939121411276375,0.892943618125216,0.928744379107575,0.946904185402975,0.933586994119682,0.911449325492909,0.956416464891041,0.857315807679004,0.88913870632999,0.812348668280872,0.871151850570737
"SOZc(10th)",0.497872708405396,0.0532514700795572,0.0450709097198201,0.436406087858872,0.415721203735732,0.820857834659287,0.0454341058457281,0.882255274991352,0.263282601176064,0.357938429609132,0.0471463161535801,0.186907644413698,0.691508128675199,0.220027672085783,0.984053960567278,0.0571255620892425,0.301349014181944,0.20726392251816,0.629470771359391,0.728104462123833,0.960653753026634,0.9551885160844,0.529712902109997,0.177568315461778,0.0401764095468696,0.530421999308198,0.538031822898651,0.486579038395019,0.227585610515393,0.58599100657212,0.262625389138706,0.73784157730889,0.25311310965064,0.198599100657212,0.274645451400899,0.449360083016257,0.0526634382566586,0.0745243860255967,0.0893981321342096,0.59432722241439,0.314545140089934,0.0439467312348668,0.245399515738499,0.732047734347977,0.28784157730889,0.550709097198201,0.792009685230024,0.0324455205811138,0.110255966793497,0.225181598062954,0.287893462469734,0.448737461086129,0.112521618817018,0.483068142511242,0.0304047042545832,0.397129021099965,0.822760290556901,0.28161535800761,0.65804219993082,0.403925977170529,0.05155655482532,0.569491525423729,0.251089588377724,0.273296437218955,0.698875821515047,0.614960221376686,0.394119681771014,0.367744725008648,0.689726738152888,0.531252161881702,0.0345901072293324,0.0411103424420616,0.258699411968177,0.424386025596679,0.0256658595641646,0.545728121757177,0.543168453822207,0.641611898996887,0.0413178830854376,0.465115876859218,0.0788827395364926,0.16812521618817,0.0307679003804912,0.416499481148392,0.440556900726392,0.0343479764787271,0.448841231407817,0.0556900726392252,0.138083708059495,0.0974403320650294,0.0578519543410585,0.465911449325493,0.0702352127291595,0.531304047042546,0.296679349705984,0.0428225527499135,0.553977862331373,0.594603943272224,0.555396056727776,0.156087858872363,0.521687997232791,0.372742995503286,0.0691802144586648,0.552715323417503,0.232082324455206,0.0298858526461432,0.503528190937392,0.331978554133518,0.0318228986509858,0.121013490141819,0.4616741611899,0.486060186786579,0.315392597717053,0.273417502594258,0.0758734002075406,0.0703562781044621,0.0500864752680733,0.0542026980283639
"SOZc(20th)",0.551850570736769,0.0889311656866136,0.0773088896575579,0.449775164303009,0.448979591836735,0.842891732964372,0.0797301971636112,0.899239017640955,0.272085783465929,0.521342096160498,0.0768938083708059,0.215358007609824,0.710653753026634,0.234832237979938,0.987167070217918,0.0796610169491525,0.362123832583881,0.243964026288481,0.726703562781045,0.807851954341058,0.96579038395019,0.96630923555863,0.587512971290211,0.223867173988239,0.0656520235212729,0.644344517468004,0.580664130058803,0.572915946039433,0.247042545831892,0.603286060186787,0.507609823590453,0.773538567969561,0.272742995503286,0.237564856451055,0.284019370460048,0.473503977862331,0.0877551020408163,0.118989968868903,0.116222760290557,0.748149429263231,0.36011760636458,0.0878934624697336,0.266758906952612,0.818886198547216,0.392978208232446,0.611518505707368,0.875821515046697,0.0538567969560706,0.114216534071256,0.234417156693186,0.317986855759253,0.513005880318229,0.134866828087167,0.515288827395365,0.301902455897613,0.543964026288482,0.868592182635766,0.588481494292632,0.698201314424075,0.424247665167762,0.0908682116914563,0.668453822206849,0.268315461777932,0.354790729851262,0.775994465582843,0.699792459356624,0.409443099273608,0.380491179522657,0.733102732618471,0.665548253199585,0.0415081286751989,0.0598408855067451,0.464337599446558,0.499446558284331,0.0285714285714286,0.640089934278796,0.622656520235213,0.670390868211691,0.0569353164994812,0.530231753718436,0.269975786924939,0.211241784849533,0.0525077827741266,0.585645105499827,0.540539605672778,0.0455205811138015,0.587893462469734,0.0710826703562781,0.264925631269457,0.265167762020062,0.0815980629539952,0.510965063991698,0.116395710826704,0.621307506053269,0.39169837426496,0.0611553095814597,0.617191283292978,0.626876513317191,0.693324109304739,0.224731926668973,0.579349705984089,0.477170529228641,0.109062608094085,0.600242130750605,0.401487374610861,0.0469387755102041,0.627948806641301,0.409961950882048,0.127395364925631,0.504911795226565,0.501176063645797,0.568038740920097,0.485575925285368,0.331304047042546,0.105776547907299,0.11034244206157,0.0613282601176064,0.0694915254237288
"SOZc(30th)",0.613351781390522,0.0951400899342788,0.085904531304047,0.462279488066413,0.467554479418886,0.858647526807333,0.0853510895883777,0.912314078173642,0.298391560013836,0.586786579038395,0.147301971636112,0.221151850570737,0.732013144240747,0.25567277758561,0.988983050847458,0.0866136285022484,0.372570044967139,0.283725354548599,0.759028017986856,0.859737115185057,0.969318574887582,0.974213075060533,0.633638879280526,0.236163957108267,0.0686959529574542,0.692701487374611,0.650622621930128,0.626651677620201,0.280888965755794,0.614060878588724,0.56634382566586,0.855396056727776,0.295105499827049,0.300311310965064,0.309460394327222,0.490677966101695,0.0925977170529229,0.123919059149083,0.124455205811138,0.782289865098582,0.396679349705984,0.106087858872362,0.291265997924594,0.863939813213421,0.440643375994466,0.657800069180214,0.915479072985126,0.0572985126253891,0.130491179522657,0.25492909028018,0.340626080940851,0.588187478381183,0.160584572812176,0.567710134901418,0.441594603943272,0.610065721203736,0.880110688343134,0.603977862331373,0.737599446558284,0.443064683500519,0.102801798685576,0.792165340712556,0.280785195434106,0.379384296091318,0.808751297129021,0.740366655136631,0.415807679003805,0.396973365617433,0.777291594603943,0.725008647526807,0.0570563818747838,0.0733310273261847,0.540729851262539,0.56319612590799,0.0337253545485991,0.676790038049118,0.656900726392252,0.742096160498098,0.0725008647526807,0.5896229678312,0.379989622967831,0.225406433759945,0.108197855413352,0.645641646489104,0.61738152888274,0.0465063991698374,0.636163957108267,0.0787789692148046,0.342615012106537,0.369387755102041,0.106658595641646,0.538308543756486,0.146212383258388,0.680646835005189,0.452196471809063,0.1344344517468,0.667035627810446,0.651279833967485,0.734676582497406,0.277170529228641,0.602006226219301,0.559097198201314,0.161103424420616,0.652680733310273,0.508543756485645,0.0684365271532342,0.668038740920097,0.43031822898651,0.176236596333449,0.561622276029056,0.539484607402283,0.580854375648565,0.51138014527845,0.353528190937392,0.155032860601868,0.172846765824974,0.0797993773780699,0.100605326876513
"SOZc(40th)",0.639571082670356,0.112106537530266,0.0943618125216188,0.473953649256313,0.480041508128675,0.872085783465929,0.100103770321688,0.925147007955725,0.30830162573504,0.65233483223798,0.180525769629886,0.241023867173988,0.754375648564511,0.275233483223798,0.990522310619163,0.106468350051885,0.383362158422691,0.339017640954687,0.802248356969907,0.891525423728814,0.973676928398478,0.978415773088897,0.650570736769284,0.256278104462124,0.0772051193358699,0.749982704946385,0.819405050155656,0.660774818401937,0.296402628848149,0.636561743341404,0.587270840539606,0.872915946039433,0.307886544448288,0.338498789346247,0.327672085783466,0.49948114839156,0.105430646835005,0.140677966101695,0.142649602213767,0.853268765133172,0.426599792459357,0.120442753372535,0.304047042545832,0.88395019024559,0.494949844344517,0.699584918713248,0.944759598754756,0.0637149775164303,0.158491871324801,0.28602559667935,0.347907298512625,0.618817018332757,0.184641992390176,0.601971636112072,0.512902109996541,0.683846419923902,0.9,0.62331373227257,0.755378761674161,0.449256312694569,0.120511933586994,0.824974057419578,0.316983742649602,0.425250778277413,0.841646489104116,0.827187824282255,0.422587340020754,0.411172604635074,0.805949498443445,0.770390868211691,0.102421307506053,0.134624697336562,0.593739190591491,0.569733656174334,0.0414735385679696,0.704773434797648,0.680975441023867,0.763887928052577,0.0810100311310965,0.657592528536838,0.426011760636458,0.239017640954687,0.187201660325147,0.673192666897267,0.687651331719128,0.0607402282947077,0.66163957108267,0.134866828087167,0.451885160843999,0.472570044967139,0.153787616741612,0.576893808370806,0.159494984434452,0.700622621930128,0.491248702870979,0.264718090626081,0.678796264268419,0.696817710134902,0.799654098927707,0.317813905223106,0.642580421999308,0.571739882393635,0.217675544794189,0.690349360083016,0.532964372189554,0.152196471809063,0.685368384641992,0.469491525423729,0.226668972673815,0.588308543756486,0.615461777931512,0.606053268765133,0.547976478727084,0.405534417156693,0.191317883085438,0.18706329989623,0.110031131096506,0.134105845728122
"SOZc(50th)",0.654098927706676,0.13005880318229,0.11241784849533,0.480802490487721,0.48806641300588,0.878069872016603,0.109131788308544,0.937132480110688,0.322033898305085,0.700536146662055,0.200622621930128,0.251124178484953,0.779488066413006,0.290989277066759,0.992130750605327,0.125475613974403,0.388273953649256,0.38913870632999,0.841577308889658,0.902369422345209,0.978467658249741,0.981234866828087,0.668453822206849,0.282687651331719,0.0841404358353511,0.784071255620892,0.867173988239364,0.688861985472155,0.312953995157385,0.650899342787963,0.622189553787617,0.901677620200623,0.314251124178485,0.370114147353857,0.333448633690764,0.5038913870633,0.136976824628156,0.173988239363542,0.177014873746109,0.88472846765825,0.443964026288482,0.147267381528883,0.315029401591145,0.909114493254929,0.544794188861985,0.73235904531304,0.951833275683155,0.0687478381182982,0.180646835005189,0.291508128675199,0.353943272224144,0.63550674507091,0.202957454168108,0.63213420961605,0.540556900726392,0.726305776547907,0.921566931857489,0.662659979245936,0.781217571774472,0.459097198201314,0.137928052576963,0.863109650639917,0.329038395019025,0.457454168107921,0.87123832583881,0.854548599100657,0.429090280179869,0.427101349014182,0.820304392943618,0.785108958837772,0.134382566585956,0.159979245935662,0.653580076098236,0.619768246281563,0.0690072639225182,0.751729505361467,0.724835696990661,0.796783120027672,0.121065375302663,0.682203389830508,0.482791421653407,0.255361466620546,0.203043929436181,0.704686959529575,0.701487374610861,0.0799031476997579,0.709616049809754,0.165513663092356,0.529488066413006,0.555949498443445,0.178398478035282,0.599187132480111,0.189380837080595,0.7461086129367,0.530612244897959,0.304219993081979,0.696644759598755,0.734261501210654,0.841404358353511,0.390262884814943,0.663697682462816,0.601003113109651,0.269024558976133,0.735039778623314,0.590799031476998,0.210221376686268,0.732186094776894,0.492130750605327,0.314164648910412,0.642165340712556,0.647007955724663,0.640868211691456,0.588550674507091,0.419145624351435,0.218523002421308,0.209356624005534,0.152888273953649,0.167243168453822
"SOZc(60th)",0.708578346592874,0.13836042891733,0.126703562781045,0.488931165686614,0.502732618471117,0.886060186786579,0.118401937046005,0.944309927360775,0.326980283638879,0.735800760982359,0.230197163611207,0.25596679349706,0.815773088896576,0.305914908336216,0.993635420269803,0.138740920096852,0.413836042891733,0.433379453476306,0.858076790038049,0.910134901418194,0.981321342096161,0.986267727429955,0.696022137668627,0.302905569007264,0.101729505361467,0.795780006918021,0.89225181598063,0.711241784849533,0.323728813559322,0.670598408855067,0.642822552749914,0.925112417848495,0.32279488066413,0.396506399169837,0.336838464199239,0.515842269111034,0.148080249048772,0.189277066758907,0.187270840539606,0.901833275683155,0.465997924593566,0.157627118644068,0.326599792459357,0.926080940850917,0.559425804219993,0.795399515738499,0.959149083362158,0.0916983742649602,0.18910411622276,0.302870978900035,0.359010722933241,0.653614666205465,0.21660325147008,0.66475268073331,0.577654790729851,0.740505015565548,0.936630923555863,0.686924939467312,0.802455897613283,0.464372189553788,0.155136630923556,0.893912141127637,0.340989277066759,0.502525077827741,0.881494292632307,0.876478727084054,0.431995849187132,0.448218609477689,0.837945347630578,0.802525077827741,0.195814597025251,0.193012798339675,0.698374264960221,0.664648910411622,0.103009339328952,0.779937737806987,0.755724662746454,0.824558976132826,0.14043583535109,0.70674507090972,0.548080249048772,0.287997232791422,0.22123832583881,0.740885506745071,0.724074714631615,0.118782428225527,0.736423382912487,0.186924939467312,0.560359737115185,0.571013490141819,0.208405396056728,0.655378761674161,0.207644413697682,0.772639225181598,0.556624005534417,0.332791421653407,0.712279488066413,0.785437564856451,0.855620892424767,0.425354548599101,0.675752334832238,0.624282255274991,0.285921826357662,0.766620546523694,0.616464891041162,0.233794534763058,0.785368384641992,0.551781390522311,0.350432376340367,0.71708751297129,0.675821515046697,0.678173642338291,0.617329643721895,0.450605326876513,0.24043583535109,0.243756485645105,0.195780006918021,0.223936354202698
"SOZc(70th)",0.730266343825666,0.150432376340367,0.140418540297475,0.509477689380837,0.514285714285714,0.898166724316845,0.13239363542027,0.955015565548253,0.335316499481148,0.78498789346247,0.290971982013144,0.263109650639917,0.838983050847458,0.324420615703909,0.995745416810792,0.147544102386717,0.432843306814251,0.456468350051885,0.873953649256313,0.917018332756832,0.983984780352819,0.989156001383604,0.765323417502594,0.320442753372535,0.123227257004497,0.821601521964718,0.926496022137669,0.728657903839502,0.348823936354203,0.688014527845036,0.686821169145624,0.934088550674507,0.328588723625043,0.422033898305085,0.345520581113801,0.533154617779315,0.164320304392944,0.193445174680042,0.201089588377724,0.929176755447942,0.482583881010031,0.166689726738153,0.342182635766171,0.952646143203044,0.592078865444483,0.826755447941889,0.96475268073331,0.103718436527153,0.195001729505361,0.320304392943618,0.361362850224836,0.680888965755794,0.243099273607748,0.712054652369422,0.622691110342442,0.760671048080249,0.939761328260118,0.733310273261847,0.836077481840194,0.480456589415427,0.163213420961605,0.908889657557938,0.348650985818056,0.532480110688343,0.885489450017295,0.889017640954687,0.439242476651678,0.484313386371498,0.873590453130405,0.8116741611899,0.2642684192321,0.22383258388101,0.753234175025943,0.733586994119682,0.205620892424766,0.824247665167762,0.783016257350398,0.876098235904531,0.175683154617779,0.716205465236942,0.570010377032169,0.310463507436873,0.259425804219993,0.774143894846074,0.762953995157385,0.138187478381183,0.748478035281909,0.23599100657212,0.589034936008302,0.598996886890349,0.237962642684192,0.670805949498444,0.235143548945002,0.793012798339675,0.573123486682809,0.372846765824974,0.771359391214113,0.811535800760982,0.896489104116223,0.484278796264268,0.70544794188862,0.659771705292286,0.337616741611899,0.793618125216188,0.701141473538568,0.330076098235905,0.81060186786579,0.58910411622276,0.382307160152197,0.729955032860602,0.733984780352819,0.694275337253546,0.634105845728122,0.525977170529229,0.252040816326531,0.300639916983743,0.227118644067797,0.320529228640609
"SOZc(80th)",0.763576617087513,0.160705638187478,0.149463853337945,0.526357661708751,0.517675544794189,0.93369076444137,0.141577308889658,0.96267727429955,0.368592182635766,0.813213420961605,0.329228640608786,0.274852992044275,0.880802490487721,0.349429263230716,0.997301971636112,0.155344171566932,0.446212383258388,0.499411968177101,0.90363196125908,0.939086821169146,0.985091663784158,0.992320996195088,0.776374956762366,0.339744033206503,0.140816326530612,0.850051885160844,0.934797647872708,0.759979245935662,0.36630923555863,0.701902455897613,0.746696644759599,0.942096160498098,0.340159114493255,0.470736769283985,0.351919750951228,0.540055344171567,0.169802836388793,0.208716707021792,0.210792113455552,0.940332065029402,0.503251470079557,0.180110688343134,0.351885160843999,0.966205465236942,0.615634728467658,0.856624005534417,0.968972673815289,0.124316845382221,0.215738498789346,0.331580767900381,0.366897267381529,0.718851608439986,0.276651677620201,0.747180906260809,0.648356969906607,0.778139052231062,0.952680733310273,0.752542372881356,0.845555171221031,0.521203735731581,0.176651677620201,0.923417502594258,0.363023175371844,0.583120027672086,0.911068834313386,0.91504669664476,0.444621238325839,0.539501902455898,0.895261155309582,0.850882047734348,0.313939813213421,0.286267727429955,0.84507090971982,0.749948114839156,0.269353164994812,0.876928398478035,0.829470771359391,0.893220338983051,0.247007955724663,0.775095122794881,0.593047388446904,0.374541681079212,0.374022829470771,0.795019024558976,0.805223106191629,0.194707713593912,0.768661362850225,0.31400899342788,0.616118989968869,0.63005880318229,0.281252161881702,0.709477689380837,0.276340366655137,0.8077827741266,0.62179176755448,0.414977516430301,0.829574541681079,0.853787616741612,0.923763403666551,0.518540297474922,0.732756831546178,0.676755447941889,0.384399861639571,0.824005534417157,0.771912832929782,0.378381182981667,0.81712210307852,0.613593912141128,0.41086129367001,0.774126599792459,0.76738152888274,0.715911449325493,0.701798685575925,0.595295745416811,0.304358353510896,0.40982359045313,0.294638533379454,0.425631269456935
"SOZc(90th)",0.843981321342096,0.171376686267727,0.174714631615358,0.537824282255275,0.537253545485991,0.945053614666205,0.168367346938776,0.978329297820823,0.401418194396403,0.838170183327568,0.375631269456935,0.284278796264268,0.914510549982705,0.362556208924248,0.998599100657212,0.171895537876167,0.467156693185749,0.528415773088897,0.939553787616742,0.950933932895192,0.99199239017641,0.995866482186095,0.848305084745763,0.374282255274991,0.168246281563473,0.901487374610861,0.95466966447596,0.847768938083708,0.370996195088205,0.724489795918367,0.811795226565202,0.960705638187478,0.352248356969907,0.508180560359737,0.364925631269457,0.572379799377378,0.178848149429263,0.214199239017641,0.218401937046005,0.970321687997233,0.544258042199931,0.204306468350052,0.367762020062262,0.974126599792459,0.635108958837772,0.887132480110688,0.978900034590107,0.150224835696991,0.232670356278104,0.344863369076444,0.388343133863715,0.787270840539606,0.30207540643376,0.766741611898997,0.688135593220339,0.836492563126946,0.958094085091664,0.815634728467658,0.896316153580076,0.535316499481148,0.192113455551712,0.934330681425112,0.374852992044275,0.633310273261847,0.929678312002767,0.953441715669319,0.453476305776548,0.58106191629194,0.918056035973712,0.88109650639917,0.402767208578347,0.435662400553442,0.867537184365271,0.784347976478727,0.401331719128329,0.918177101349014,0.896125907990315,0.905396056727776,0.415755793842961,0.797907298512625,0.654946385333794,0.432289865098582,0.488256658595642,0.822760290556901,0.827014873746109,0.287616741611899,0.813732272570045,0.457350397786233,0.695676236596333,0.696835005188516,0.361293670010377,0.764631615358007,0.382289865098582,0.853493600830163,0.663472846765825,0.440072639225182,0.848737461086129,0.889640262884815,0.938152888273954,0.549014181943964,0.766274645451401,0.734745762711864,0.433829124870287,0.854219993081978,0.83287789692148,0.468056035973711,0.86345555171221,0.707921134555517,0.531200276720858,0.806727775856105,0.799550328606019,0.775164303009339,0.764026288481494,0.665842269111034,0.403355240401245,0.444569353164995,0.396350743687305,0.467329643721896
"SOZc(100th)",0.897786233137323,0.261847111726046,0.272224143894846,0.626080940850917,0.566240055344172,0.955205811138015,0.295745416810792,0.9948114839156,0.467139398132134,0.923555863023175,0.49014181943964,0.345209270148737,0.947077135939121,0.374783811829817,0.999827049463853,0.211345555171221,0.50830162573504,0.786060186786579,0.960394327222414,0.967312348668281,0.995676236596333,0.998097544102387,0.910757523348322,0.518851608439986,0.365963334486337,0.951400899342788,0.977516430300934,0.961086129367001,0.456243514354895,0.818056035973712,0.872708405396057,0.973365617433414,0.393981321342096,0.542199930819786,0.385679695607056,0.60930473884469,0.205119335869941,0.241611898996887,0.246973365617433,0.982531995849187,0.7331373227257,0.345728121757177,0.4896229678312,0.985818056035974,0.793670010377032,0.922864060878589,0.99014181943964,0.242130750605327,0.327568315461778,0.383085437564856,0.484088550674507,0.88810100311311,0.405914908336216,0.864925631269457,0.822552749913525,0.913178830854376,0.982013144240747,0.898132134209616,0.954341058457281,0.580249048772051,0.209616049809754,0.974922172258734,0.48339674852992,0.861985472154964,0.945520581113801,0.967831200276721,0.487720511933587,0.668972673815289,0.934797647872708,0.919578000691802,0.481667243168454,0.526807333102733,0.936354202698028,0.843306814251124,0.471982013144241,0.949671393981321,0.941369768246282,0.924593566240055,0.501383604289173,0.890003459010723,0.843479764787271,0.531649948114839,0.595295745416811,0.873400207540643,0.85852646143203,0.48235904531304,0.912314078173642,0.543583535108959,0.819785541335178,0.893116568661363,0.493600830162574,0.847457627118644,0.465409892770668,0.912487028709789,0.743687305430647,0.507955724662746,0.896748529920443,0.946558284330681,0.947941888619855,0.588377723970944,0.879626426841923,0.828778969214805,0.51245243860256,0.926841923209962,0.923728813559322,0.61968177101349,0.933759944655828,0.790038049117952,0.642338291248703,0.859391214112764,0.834659287443791,0.857142857142857,0.865963334486337,0.816499481148392,0.545658941542719,0.540816326530612,0.50155655482532,0.543237634036665
